{
  "type": "object",
  "properties": {
    "origin": {
      "type": "string",
      "description": "The 3-letter IATA code of the departure airport",
      "pattern": "^[A-Z]{3}$"
    },
    "destination": {
      "type": "string",
      "description": "The 3-letter IATA code of the arrival airport",
      "pattern": "^[A-Z]{3}$"
    },
    "date": {
      "type": "string",
      "format": "date",
      "description": "The date of the flight in YYYY-MM-DD format"
    },
    "passengers": {
      "type": "integer",
      "minimum": 1,
      "maximum": 9,
      "default": 1,
      "description": "The number of passengers"
    }
  },
  "required": ["origin", "destination", "date"],
  "additionalProperties": false
}