{
  "compilerOptions": {
    
    "target": "ES2022",
    "module": "NodeNext",
    "moduleResolution": "NodeNext",
    "outDir": "./dist",
    "rootDir": "./src",
    "strict": true, 

    
    "noImplicitAny": true, 
    "strictNullChecks": true, 
    "strictFunctionTypes": true, 
    "strictBindCallApply": true, 
    "strictPropertyInitialization": true, 
    "noImplicitThis": true, 
    "alwaysStrict": true, 

    
    "noUnusedLocals": true,
    "noUnusedParameters": true,
    "noImplicitReturns": true,
    "noFallthroughCasesInSwitch": true,
    "noUncheckedIndexedAccess": true,

    
    "esModuleInterop": true,
    "skipLibCheck": true,
    "forceConsistentCasingInFileNames": true
  },
  "include": ["src/**/*"],
  "exclude": ["node_modules", "dist"]
}