{
  "$schema": "https://turbo.build/schema.json",
  "globalDependencies": ["**/.env.*local"],
  "pipeline": {
    "build": {
      
      "dependsOn": ["^build", "type-check"],
      
      "outputs": ["dist/**", ".next/**", "!.next/cache/**"]
    },
    "type-check": {
      
      "command": "tsc --noEmit",
      
      "outputs": []
    },
    "lint": {
      
      "command": "eslint .",
      
      "outputs": []
    },
    "dev": {
      
      "cache": false,
      "persistent": true
    },
    "test": {
      
      "dependsOn": ["build", "type-check"],
      "command": "test",
      
      "outputs": []
    }
  }
}